<?xml version="1.0" encoding="utf-8"?>
<clock>
	<title>Example Clock</title>
	<id>de.bigboot.quickcirclemod.example</id>
	<author>Kevin Slaton</author>
	<description>A watchface by Kevin Slaton</description>
	<activate>0</activate><!--Automatically switch to second clock-->
	<replaces>
		<file>b2_quickcircle_analog_style02_hour.png</file>
		<file>b2_quickcircle_analog_style02_minute.png</file>
		<file>b2_quickcircle_analog_style02_second.png</file>
		<file>b2_quickcircle_analog_style02_bg.png</file>
	</replaces>
</clock>